{"cameraMode":{"drawMode":0,"name":"Shaded","section":"Shading Mode"},"sceneLighting":false,"audioPlay":false,"sceneViewState":{"m_AlwaysRefresh":false,"showFog":true,"showSkybox":false,"showFlares":true,"showImageEffects":true,"showParticleSystems":true,"showVisualEffectGraphs":true,"m_FxEnabled":true},"in2DMode":false,"pivot":{"x":-1.5719330310821534,"y":-1.5145527124404908,"z":3.325953722000122},"rotation":{"x":-0.10757459700107575,"y":0.24765463173389436,"z":-0.027690229937434198,"w":-0.962471067905426},"size":3.2435407638549806,"orthographic":false}